Workbook

Sheet Base
A1: Grupo | B1: Rua | C1: Valor | D1: KM | E1: Bairro | F1: CEP | G1: Filtro
A2: 13 | B2: BASALTO | C2: 13 | D2: 0.6 | E2: Cohab | F2: 21730-230 | G2: =IF(Consulta!$B$1="", "", IF(OR(IFERROR(SEARCH(Consulta!$B$1,B2),0)>0,IFERROR(SEARCH(Consulta!$B$1,E2),0)>0,IFERROR(SEARCH(Consulta!$B$1,F2),0)>0), MAX($G$1:G1)+1, "")) | H2: =A2=C2 -> TRUE
A3: 13 | B3: CARLOS WENCESLEU ATÉ O PARQUE | C3: 13 | D3: 0,7 | E3: Realengo | F3: 21715-320 | G3: =IF(Consulta!$B$1="", "", IF(OR(IFERROR(SEARCH(Consulta!$B$1,B3),0)>0,IFERROR(SEARCH(Consulta!$B$1,E3),0)>0,IFERROR(SEARCH(Consulta!$B$1,F3),0)>0), MAX($G$1:G1)+1, "")) | H3: =A3=C3 -> TRUE
A4: 13 | B4: CASA DE PARTO | C4: 13 | D4: 0.3 | E4: Realengo | F4: 21710-231 | G4: =IF(Consulta!$B$1="", "", IF(OR(IFERROR(SEARCH(Consulta!$B$1,B4),0)>0,IFERROR(SEARCH(Consulta!$B$1,E4),0)>0,IFERROR(SEARCH(Consulta!$B$1,F4),0)>0), MAX($G$1:G3)+1, "")) | H4: =A4=C4 -> TRUE
A5: 13 | B5: CIRANDA | C5: 13 | D5: 0.6 | E5: Cohab | F5: 21730-230 | G5: =IF(Consulta!$B$1="", "", IF(OR(IFERROR(SEARCH(Consulta!$B$1,B5),0)>0,IFERROR(SEARCH(Consulta!$B$1,E5),0)>0,IFERROR(SEARCH(Consulta!$B$1,F5),0)>0), MAX($G$1:G4)+1, "")) | H5: =A5=C5 -> TRUE
A6: 13 | B6: CITARA | C6: 13 | D6: 0.6 | E6: Cohab | F6: 21730-230 | G6: =IF(Consulta!$B$1="", "", IF(OR(IFERROR(SEARCH(Consulta!$B$1,B6),0)>0,IFERROR(SEARCH(Consulta!$B$1,E6),0)>0,IFERROR(SEARCH(Consulta!$B$1,F6),0)>0), MAX($G$1:G5)+1, "")) | H6: =A6=C6 -> TRUE
A7: 13 | B7: COHAB | C7: 13 | D7: 1.0 | E7: Realengo | F7: 21730-230 | G7: =IF(Consulta!$B$1="", "", IF(OR(IFERROR(SEARCH(Consulta!$B$1,B7),0)>0,IFERROR(SEARCH(Consulta!$B$1,E7),0)>0,IFERROR(SEARCH(Consulta!$B$1,F7),0)>0), MAX($G$1:G6)+1, "")) | H7: =A7=C7 -> TRUE
A8: 13 | B8: CURIO | C8: 13 | D8: 0.6 | E8: Cohab | F8: 21730-230 | G8: =IF(Consulta!$B$1="", "", IF(OR(IFERROR(SEARCH(Consulta!$B$1,B8),0)>0,IFERROR(SEARCH(Consulta!$B$1,E8),0)>0,IFERROR(SEARCH(Consulta!$B$1,F8),0)>0), MAX($G$1:G7)+1, "")) | H8: =A8=C8 -> TRUE
A9: 13 | B9: DONA OLIMPIA | C9: 13 | D9: 0.6 | E9: Cohab | F9: 21730-230 | G9: =IF(Consulta!$B$1="", "", IF(OR(IFERROR(SEARCH(Consulta!$B$1,B9),0)>0,IFERROR(SEARCH(Consulta!$B$1,E9),0)>0,IFERROR(SEARCH(Consulta!$B$1,F9),0)>0), MAX($G$1:G8)+1, "")) | H9: =A9=C9 -> TRUE
A10: 13 | B10: DOUTOR LESSA | C10: 13 | D10: 0.6 | E10: Realengo | F10: 21710-270 | G10: =IF(Consulta!$B$1="", "", IF(OR(IFERROR(SEARCH(Consulta!$B$1,B10),0)>0,IFERROR(SEARCH(Consulta!$B$1,E10),0)>0,IFERROR(SEARCH(Consulta!$B$1,F10),0)>0), MAX($G$1:G9)+1, "")) | H10: =A10=C10 -> TRUE
A11: 13 | B11: ESPARDARTE | C11: 13 | D11: 0.6 | E11: Cohab | F11: 21730-230 | G11: =IF(Consulta!$B$1="", "", IF(OR(IFERROR(SEARCH(Consulta!$B$1,B11),0)>0,IFERROR(SEARCH(Consulta!$B$1,E11),0)>0,IFERROR(SEARCH(Consulta!$B$1,F11),0)>0), MAX($G$1:G9)+1, "")) | H11: =A11=C11 -> TRUE
A12: 13 | B12: GAZELA | C12: 13 | D12: 0.6 | E12: Cohab | F12: 21730-230 | G12: =IF(Consulta!$B$1="", "", IF(OR(IFERROR(SEARCH(Consulta!$B$1,B12),0)>0,IFERROR(SEARCH(Consulta!$B$1,E12),0)>0,IFERROR(SEARCH(Consulta!$B$1,F12),0)>0), MAX($G$1:G11)+1, "")) | H12: =A12=C12 -> TRUE
A13: 13 | B13: GENERAL RAPOSO | C13: 13 | D13: 1,1 | E13: Realengo | F13: 21710-260 | G13: =IF(Consulta!$B$1="", "", IF(OR(IFERROR(SEARCH(Consulta!$B$1,B13),0)>0,IFERROR(SEARCH(Consulta!$B$1,E13),0)>0,IFERROR(SEARCH(Consulta!$B$1,F13),0)>0), MAX($G$1:G12)+1, "")) | H13: =A13=C13 -> TRUE
A14: 13 | B14: HELENA | C14: 13 | D14: 0.4 | E14: Realengo | F14: 21710-250 | G14: =IF(Consulta!$B$1="", "", IF(OR(IFERROR(SEARCH(Consulta!$B$1,B14),0)>0,IFERROR(SEARCH(Consulta!$B$1,E14),0)>0,IFERROR(SEARCH(Consulta!$B$1,F14),0)>0), MAX($G$1:G13)+1, "")) | H14: =A14=C14 -> TRUE
A15: 13 | B15: PARANAGUA | C15: 13 | D15: 0.5 | E15: Realengo | F15: 21710-690 | G15: =IF(Consulta!$B$1="", "", IF(OR(IFERROR(SEARCH(Consulta!$B$1,B15),0)>0,IFERROR(SEARCH(Consulta!$B$1,E15),0)>0,IFERROR(SEARCH(Consulta!$B$1,F15),0)>0), MAX($G$1:G14)+1, "")) | H15: =A15=C15 -> TRUE
A16: 13 | B16: PARAPUÃ ATÉ PREDIOS (383) | C16: 13 | D16: 1 | E16: Realengo - Cohab | F16: 21765-050 | G16: =IF(Consulta!$B$1="", "", IF(OR(IFERROR(SEARCH(Consulta!$B$1,B16),0)>0,IFERROR(SEARCH(Consulta!$B$1,E16),0)>0,IFERROR(SEARCH(Consulta!$B$1,F16),0)>0), MAX($G$1:G15)+1, "")) | H16: =A16=C16 -> TRUE
A17: 13 | B17: PAULA NEI | C17: 13 | D17: 0.6 | E17: Cohab | F17: 21730-230 | G17: =IF(Consulta!$B$1="", "", IF(OR(IFERROR(SEARCH(Consulta!$B$1,B17),0)>0,IFERROR(SEARCH(Consulta!$B$1,E17),0)>0,IFERROR(SEARCH(Consulta!$B$1,F17),0)>0), MAX($G$1:G16)+1, "")) | H17: =A17=C17 -> TRUE
A18: 13 | B18: PONTALINA | C18: 13 | D18: 0.5 | E18: Realengo | F18: 21710-150 | G18: =IF(Consulta!$B$1="", "", IF(OR(IFERROR(SEARCH(Consulta!$B$1,B18),0)>0,IFERROR(SEARCH(Consulta!$B$1,E18),0)>0,IFERROR(SEARCH(Consulta!$B$1,F18),0)>0), MAX($G$1:G17)+1, "")) | H18: =A18=C18 -> TRUE
A19: 13 | B19: RERITUBA | C19: 13 | D19: 0.9 | E19: Realengo | F19: 21710-140 | G19: =IF(Consulta!$B$1="", "", IF(OR(IFERROR(SEARCH(Consulta!$B$1,B19),0)>0,IFERROR(SEARCH(Consulta!$B$1,E19),0)>0,IFERROR(SEARCH(Consulta!$B$1,F19),0)>0), MAX($G$1:G18)+1, "")) | H19: =A19=C19 -> TRUE
A20: 13 | B20: RUA DOS OPERARIOS | C20: 13 | D20: 0.8 | E20: Realengo | F20: 21710-310 | G20: =IF(Consulta!$B$1="", "", IF(OR(IFERROR(SEARCH(Consulta!$B$1,B20),0)>0,IFERROR(SEARCH(Consulta!$B$1,E20),0)>0,IFERROR(SEARCH(Consulta!$B$1,F20),0)>0), MAX($G$1:G19)+1, "")) | H20: =A20=C20 -> TRUE
A21: 15 | B21: ANIBAL ESTEVES | C21: 15 | D21: 1 | E21: Realengo | F21: 21710-040 | G21: =IF(Consulta!$B$1="", "", IF(OR(IFERROR(SEARCH(Consulta!$B$1,B21),0)>0,IFERROR(SEARCH(Consulta!$B$1,E21),0)>0,IFERROR(SEARCH(Consulta!$B$1,F21),0)>0), MAX($G$1:G19)+1, "")) | H21: =A21=C21 -> TRUE
A22: 15 | B22: ARITIBA ATÉ A FARMACIA | C22: 15 | D22: 1,4 | E22: Limites - Realengo | F22: 21740-260 | G22: =IF(Consulta!$B$1="", "", IF(OR(IFERROR(SEARCH(Consulta!$B$1,B22),0)>0,IFERROR(SEARCH(Consulta!$B$1,E22),0)>0,IFERROR(SEARCH(Consulta!$B$1,F22),0)>0), MAX($G$1:G20)+1, "")) | H22: =A22=C22 -> TRUE
A23: 15 | B23: BANDEIRA DE MELO | C23: 15 | D23: 2.1 | E23: Jardim Novo | F23: 21760-010 | G23: =IF(Consulta!$B$1="", "", IF(OR(IFERROR(SEARCH(Consulta!$B$1,B23),0)>0,IFERROR(SEARCH(Consulta!$B$1,E23),0)>0,IFERROR(SEARCH(Consulta!$B$1,F23),0)>0), MAX($G$1:G22)+1, "")) | H23: =A23=C23 -> TRUE
A24: 15 | B24: BERNARDO ATÉ A GELATO | C24: 15 | D24: 1,2 | E24: Realengo | F24: 21740-250 | G24: =IF(Consulta!$B$1="", "", IF(OR(IFERROR(SEARCH(Consulta!$B$1,B24),0)>0,IFERROR(SEARCH(Consulta!$B$1,E24),0)>0,IFERROR(SEARCH(Consulta!$B$1,F24),0)>0), MAX($G$1:G23)+1, "")) | H24: =A24=C24 -> TRUE
A25: 15 | B25: CARLOS WENCESLEU | C25: 15 | D25: 1 | E25: Realengo | F25: 21715-320 | G25: =IF(Consulta!$B$1="", "", IF(OR(IFERROR(SEARCH(Consulta!$B$1,B25),0)>0,IFERROR(SEARCH(Consulta!$B$1,E25),0)>0,IFERROR(SEARCH(Consulta!$B$1,F25),0)>0), MAX($G$1:G22)+1, "")) | H25: =A25=C25 -> TRUE
A26: 15 | B26: CARUMBE | C26: 15 | D26: 2,1 | E26: Realengo | F26: 21740-210 | G26: =IF(Consulta!$B$1="", "", IF(OR(IFERROR(SEARCH(Consulta!$B$1,B26),0)>0,IFERROR(SEARCH(Consulta!$B$1,E26),0)>0,IFERROR(SEARCH(Consulta!$B$1,F26),0)>0), MAX($G$1:G25)+1, "")) | H26: =A26=C26 -> TRUE
A27: 15 | B27: CESAR | C27: 15 | D27: 1,1 | E27: Realengo | F27: 21740-200 | G27: =IF(Consulta!$B$1="", "", IF(OR(IFERROR(SEARCH(Consulta!$B$1,B27),0)>0,IFERROR(SEARCH(Consulta!$B$1,E27),0)>0,IFERROR(SEARCH(Consulta!$B$1,F27),0)>0), MAX($G$1:G26)+1, "")) | H27: =A27=C27 -> TRUE
A28: 15 | B28: CORREA TEIXEIRA | C28: 15 | D28: 1,1 | E28: Ligth | F28: 21740-200 | G28: =IF(Consulta!$B$1="", "", IF(OR(IFERROR(SEARCH(Consulta!$B$1,B28),0)>0,IFERROR(SEARCH(Consulta!$B$1,E28),0)>0,IFERROR(SEARCH(Consulta!$B$1,F28),0)>0), MAX($G$1:G27)+1, "")) | H28: =A28=C28 -> TRUE
A29: 15 | B29: COSTA RUBIM | C29: 15 | D29: 2.5 | E29: Realengo | F29: 21710-000 | G29: =IF(Consulta!$B$1="", "", IF(OR(IFERROR(SEARCH(Consulta!$B$1,B29),0)>0,IFERROR(SEARCH(Consulta!$B$1,E29),0)>0,IFERROR(SEARCH(Consulta!$B$1,F29),0)>0), MAX($G$1:G28)+1, "")) | H29: =A29=C29 -> TRUE
A30: 15 | B30: DR. ORELY | C30: 15 | D30: 0.8 | E30: Realengo | F30: 21710-330 | G30: =IF(Consulta!$B$1="", "", IF(OR(IFERROR(SEARCH(Consulta!$B$1,B30),0)>0,IFERROR(SEARCH(Consulta!$B$1,E30),0)>0,IFERROR(SEARCH(Consulta!$B$1,F30),0)>0), MAX($G$1:G29)+1, "")) | H30: =A30=C30 -> TRUE
A31: 15 | B31: FREDERICO FAULHABER ANTES CAMPO SÃO LUIS | C31: 15 | D31: 2 | E31: Piraquara | F31: 21760-240 | G31: =IF(Consulta!$B$1="", "", IF(OR(IFERROR(SEARCH(Consulta!$B$1,B31),0)>0,IFERROR(SEARCH(Consulta!$B$1,E31),0)>0,IFERROR(SEARCH(Consulta!$B$1,F31),0)>0), MAX($G$1:G30)+1, "")) | H31: =A31=C31 -> TRUE
A32: 15 | B32: FREI MIGUEL | C32: 15 | D32: 2,2 | E32: Realengo | F32: 21740-170 | G32: =IF(Consulta!$B$1="", "", IF(OR(IFERROR(SEARCH(Consulta!$B$1,B32),0)>0,IFERROR(SEARCH(Consulta!$B$1,E32),0)>0,IFERROR(SEARCH(Consulta!$B$1,F32),0)>0), MAX($G$1:G31)+1, "")) | H32: =A32=C32 -> TRUE
A33: 15 | B33: GENERAL AZEREDO | C33: 15 | D33: 0,7 | E33: Realengo | F33: 21740-160 | G33: =IF(Consulta!$B$1="", "", IF(OR(IFERROR(SEARCH(Consulta!$B$1,B33),0)>0,IFERROR(SEARCH(Consulta!$B$1,E33),0)>0,IFERROR(SEARCH(Consulta!$B$1,F33),0)>0), MAX($G$1:G32)+1, "")) | H33: =A33=C33 -> TRUE
A34: 15 | B34: GENERAL ZESEFREDO | C34: 15 | D34: 2.1 | E34: Realengo | F34: 21715-062 | G34: =IF(Consulta!$B$1="", "", IF(OR(IFERROR(SEARCH(Consulta!$B$1,B34),0)>0,IFERROR(SEARCH(Consulta!$B$1,E34),0)>0,IFERROR(SEARCH(Consulta!$B$1,F34),0)>0), MAX($G$1:G33)+1, "")) | H34: =A34=C34 -> TRUE
A35: 15 | B35: IDEAL | C35: 15 | D35: 0,8 | E35: Realengo | F35: 21740-150 | G35: =IF(Consulta!$B$1="", "", IF(OR(IFERROR(SEARCH(Consulta!$B$1,B35),0)>0,IFERROR(SEARCH(Consulta!$B$1,E35),0)>0,IFERROR(SEARCH(Consulta!$B$1,F35),0)>0), MAX($G$1:G34)+1, "")) | H35: =A35=C35 -> TRUE
A36: 15 | B36: IMPERADOR | C36: 15 | D36: 1,4 | E36: Realengo | F36: 21740-260 | G36: =IF(Consulta!$B$1="", "", IF(OR(IFERROR(SEARCH(Consulta!$B$1,B36),0)>0,IFERROR(SEARCH(Consulta!$B$1,E36),0)>0,IFERROR(SEARCH(Consulta!$B$1,F36),0)>0), MAX($G$1:G35)+1, "")) | H36: =A36=C36 -> TRUE
A37: 15 | B37: IMPERATRIZ | C37: 15 | D37: 0.6 | E37: Realengo | F37: 21710-320 | G37: =IF(Consulta!$B$1="", "", IF(OR(IFERROR(SEARCH(Consulta!$B$1,B37),0)>0,IFERROR(SEARCH(Consulta!$B$1,E37),0)>0,IFERROR(SEARCH(Consulta!$B$1,F37),0)>0), MAX($G$1:G36)+1, "")) | H37: =A37=C37 -> TRUE
A38: 15 | B38: JEQUITINHONHA | C38: 15 | D38: 2.2 | E38: Realengo | F38: 21755-360 | G38: =IF(Consulta!$B$1="", "", IF(OR(IFERROR(SEARCH(Consulta!$B$1,B38),0)>0,IFERROR(SEARCH(Consulta!$B$1,E38),0)>0,IFERROR(SEARCH(Consulta!$B$1,F38),0)>0), MAX($G$1:G37)+1, "")) | H38: =A38=C38 -> TRUE
A39: 15 | B39: JOSE MARIA DE ABREU (RUA 1) | C39: 15 | D39: 2.1 | E39: Realengo | F39: 21755-260 | G39: =IF(Consulta!$B$1="", "", IF(OR(IFERROR(SEARCH(Consulta!$B$1,B39),0)>0,IFERROR(SEARCH(Consulta!$B$1,E39),0)>0,IFERROR(SEARCH(Consulta!$B$1,F39),0)>0), MAX($G$1:G38)+1, "")) | H39: =A39=C39 -> TRUE
A40: 15 | B40: LOMAS VALENTINA | C40: 15 | D40: 1.5 | E40: Realengo | F40: 21721-280 | G40: =IF(Consulta!$B$1="", "", IF(OR(IFERROR(SEARCH(Consulta!$B$1,B40),0)>0,IFERROR(SEARCH(Consulta!$B$1,E40),0)>0,IFERROR(SEARCH(Consulta!$B$1,F40),0)>0), MAX($G$1:G39)+1, "")) | H40: =A40=C40 -> TRUE
A41: 15 | B41: NEPOMUCENO | C41: 15 | D41: 1,0 | E41: Realengo | F41: 21740-130 | G41: =IF(Consulta!$B$1="", "", IF(OR(IFERROR(SEARCH(Consulta!$B$1,B41),0)>0,IFERROR(SEARCH(Consulta!$B$1,E41),0)>0,IFERROR(SEARCH(Consulta!$B$1,F41),0)>0), MAX($G$1:G40)+1, "")) | H41: =A41=C41 -> TRUE
A42: 15 | B42: PARAPUÃ APÓS PREDIOS (383) | C42: 15 | D42: 1.3 | E42: Realengo - Cohab | F42: 21765-050 | G42: =IF(Consulta!$B$1="", "", IF(OR(IFERROR(SEARCH(Consulta!$B$1,B42),0)>0,IFERROR(SEARCH(Consulta!$B$1,E42),0)>0,IFERROR(SEARCH(Consulta!$B$1,F42),0)>0), MAX($G$1:G41)+1, "")) | H42: =A42=C42 -> TRUE
A43: 15 | B43: PEDRO GOMES | C43: 15 | D43: 0,9 | E43: Realengo | F43: 21740-100 | G43: =IF(Consulta!$B$1="", "", IF(OR(IFERROR(SEARCH(Consulta!$B$1,B43),0)>0,IFERROR(SEARCH(Consulta!$B$1,E43),0)>0,IFERROR(SEARCH(Consulta!$B$1,F43),0)>0), MAX($G$1:G42)+1, "")) | H43: =A43=C43 -> TRUE
A44: 15 | B44: PIRAQUARA | C44: 15 | D44: 2,0 | E44: Realengo | F44: 21740-090 | G44: =IF(Consulta!$B$1="", "", IF(OR(IFERROR(SEARCH(Consulta!$B$1,B44),0)>0,IFERROR(SEARCH(Consulta!$B$1,E44),0)>0,IFERROR(SEARCH(Consulta!$B$1,F44),0)>0), MAX($G$1:G43)+1, "")) | H44: =A44=C44 -> TRUE
A45: 15 | B45: PRP- PIRIQUITO | C45: 15 | D45: 1,7 | E45: Realengo | F45: 21740-070 | G45: =IF(Consulta!$B$1="", "", IF(OR(IFERROR(SEARCH(Consulta!$B$1,B45),0)>0,IFERROR(SEARCH(Consulta!$B$1,E45),0)>0,IFERROR(SEARCH(Consulta!$B$1,F45),0)>0), MAX($G$1:G44)+1, "")) | H45: =A45=C45 -> TRUE
A46: 15 | B46: RUA DO CACAU | C46: 15 | D46: 2.2 | E46: Realengo | F46: 21755-360 | G46: =IF(Consulta!$B$1="", "", IF(OR(IFERROR(SEARCH(Consulta!$B$1,B46),0)>0,IFERROR(SEARCH(Consulta!$B$1,E46),0)>0,IFERROR(SEARCH(Consulta!$B$1,F46),0)>0), MAX($G$1:G45)+1, "")) | H46: =A46=C46 -> TRUE
A47: 15 | B47: SALVADOR SABATE | C47: 15 | D47: 2.1 | E47: Jardim Novo | F47: 21760-020 | G47: =IF(Consulta!$B$1="", "", IF(OR(IFERROR(SEARCH(Consulta!$B$1,B47),0)>0,IFERROR(SEARCH(Consulta!$B$1,E47),0)>0,IFERROR(SEARCH(Consulta!$B$1,F47),0)>0), MAX($G$1:G46)+1, "")) | H47: =A47=C47 -> TRUE
A48: 15 | B48: SANTA- ODILIA | C48: 15 | D48: 1,3 | E48: Realengo | F48: 21740-060 | G48: =IF(Consulta!$B$1="", "", IF(OR(IFERROR(SEARCH(Consulta!$B$1,B48),0)>0,IFERROR(SEARCH(Consulta!$B$1,E48),0)>0,IFERROR(SEARCH(Consulta!$B$1,F48),0)>0), MAX($G$1:G43)+1, "")) | H48: =A48=C48 -> TRUE
A49: 15 | B49: SANTO INACIO | C49: 15 | D49: 1.4 | E49: Realengo | F49: 21775-120 | G49: =IF(Consulta!$B$1="", "", IF(OR(IFERROR(SEARCH(Consulta!$B$1,B49),0)>0,IFERROR(SEARCH(Consulta!$B$1,E49),0)>0,IFERROR(SEARCH(Consulta!$B$1,F49),0)>0), MAX($G$1:G48)+1, "")) | H49: =A49=C49 -> TRUE
A50: 15 | B50: TIAPIRA | C50: 15 | D50: 1,4 | E50: Realengo | F50: 21740-040 | G50: =IF(Consulta!$B$1="", "", IF(OR(IFERROR(SEARCH(Consulta!$B$1,B50),0)>0,IFERROR(SEARCH(Consulta!$B$1,E50),0)>0,IFERROR(SEARCH(Consulta!$B$1,F50),0)>0), MAX($G$1:G49)+1, "")) | H50: =A50=C50 -> TRUE
A51: 15 | B51: TRAVESSA TUPY - UNIVERSAL | C51: 15 | D51: 1.2 | E51: Realengo - Cohab | F51: 21765-050 | G51: =IF(Consulta!$B$1="", "", IF(OR(IFERROR(SEARCH(Consulta!$B$1,B51),0)>0,IFERROR(SEARCH(Consulta!$B$1,E51),0)>0,IFERROR(SEARCH(Consulta!$B$1,F51),0)>0), MAX($G$1:G50)+1, "")) | H51: =A51=C51 -> TRUE
A52: 15 | B52: VIEIRA ARAUJO | C52: 15 | D52: 1,2 | E52: Ligth | F52: 21740-030 | G52: =IF(Consulta!$B$1="", "", IF(OR(IFERROR(SEARCH(Consulta!$B$1,B52),0)>0,IFERROR(SEARCH(Consulta!$B$1,E52),0)>0,IFERROR(SEARCH(Consulta!$B$1,F52),0)>0), MAX($G$1:G51)+1, "")) | H52: =A52=C52 -> TRUE
A53: 17 | B53: BONINA | C53: 17 | D53: 1,8 | E53: Realengo | F53: 21740-240 | G53: =IF(Consulta!$B$1="", "", IF(OR(IFERROR(SEARCH(Consulta!$B$1,B53),0)>0,IFERROR(SEARCH(Consulta!$B$1,E53),0)>0,IFERROR(SEARCH(Consulta!$B$1,F53),0)>0), MAX($G$1:G52)+1, "")) | H53: =A53=C53 -> TRUE
A54: 17 | B54: CANROBERT DA COSTA | C54: 17 | D54: 2,3 | E54: Magalhães Bastos | F54: 21740-220 | G54: =IF(Consulta!$B$1="", "", IF(OR(IFERROR(SEARCH(Consulta!$B$1,B54),0)>0,IFERROR(SEARCH(Consulta!$B$1,E54),0)>0,IFERROR(SEARCH(Consulta!$B$1,F54),0)>0), MAX($G$1:G53)+1, "")) | H54: =A54=C54 -> TRUE
A55: 17 | B55: CARNEIRO DA CUNHA | C55: 17 | D55: 1.7 | E55: Magalhães Bastos | F55: 21710-470 | H55: =A55=C55 -> TRUE
A56: 17 | B56: COLETIVO | C56: 17 | D56: 1,9 | E56: Realengo | F56: 21740-190 | G56: =IF(Consulta!$B$1="", "", IF(OR(IFERROR(SEARCH(Consulta!$B$1,B56),0)>0,IFERROR(SEARCH(Consulta!$B$1,E56),0)>0,IFERROR(SEARCH(Consulta!$B$1,F56),0)>0), MAX($G$1:G55)+1, "")) | H56: =A56=C56 -> TRUE
A57: 17 | B57: CONJUNTO LIGHT | C57: 17 | D57: 2,5 | E57: Magalhães Bastos | F57: 21740-180 | G57: =IF(Consulta!$B$1="", "", IF(OR(IFERROR(SEARCH(Consulta!$B$1,B57),0)>0,IFERROR(SEARCH(Consulta!$B$1,E57),0)>0,IFERROR(SEARCH(Consulta!$B$1,F57),0)>0), MAX($G$1:G56)+1, "")) | H57: =A57=C57 -> TRUE
A58: 17 | B58: CRISPIM DE MACEDO | C58: 17 | D58: 3 | E58: Magalhães Bastos | F58: 21750-340 | H58: =A58=C58 -> TRUE
A59: 17 | B59: DEMETRIO TOURINHO | C59: 17 | D59: 3.3 | E59: Realengo | F59: 21765-080 | G59: =IF(Consulta!$B$1="", "", IF(OR(IFERROR(SEARCH(Consulta!$B$1,B59),0)>0,IFERROR(SEARCH(Consulta!$B$1,E59),0)>0,IFERROR(SEARCH(Consulta!$B$1,F59),0)>0), MAX($G$1:G57)+1, "")) | H59: =A59=C59 -> TRUE
A60: 17 | B60: FLORENTINO DE VASCONCELHOS | C60: 17 | D60: 1.9 | E60: Magalhães Bastos | F60: 21710-500 | H60: =A60=C60 -> TRUE
A61: 17 | B61: FRANCISCO MUZZI | C61: 17 | D61: 2,1 | E61: Magalhães Bastos | F61: 21750-130 | G61: =IF(Consulta!$B$1="", "", IF(OR(IFERROR(SEARCH(Consulta!$B$1,B61),0)>0,IFERROR(SEARCH(Consulta!$B$1,E61),0)>0,IFERROR(SEARCH(Consulta!$B$1,F61),0)>0), MAX($G$1:G60)+1, "")) | H61: =A61=C61 -> TRUE
A62: 17 | B62: IRINEU BRITO | C62: 17 | D62: 2.5 | E62: Magalhães Bastos | F62: 21710-480 | H62: =A62=C62 -> TRUE
A63: 17 | B63: LIBERIA | C63: 17 | D63: 2 | E63: Magalhães Bastos | F63: 21750-290 | H63: =A63=C63 -> TRUE
A64: 17 | B64: LIGHT INICIO | C64: 17 | D64: 2,4 | E64: Realengo | F64: 21740-181 | G64: =IF(Consulta!$B$1="", "", IF(OR(IFERROR(SEARCH(Consulta!$B$1,B64),0)>0,IFERROR(SEARCH(Consulta!$B$1,E64),0)>0,IFERROR(SEARCH(Consulta!$B$1,F64),0)>0), MAX($G$1:G63)+1, "")) | H64: =A64=C64 -> TRUE
A65: 17 | B65: LIMITES | C65: 17 | D65: 3,0 | E65: Limites - Realengo | F65: 21750-120 | G65: =IF(Consulta!$B$1="", "", IF(OR(IFERROR(SEARCH(Consulta!$B$1,B65),0)>0,IFERROR(SEARCH(Consulta!$B$1,E65),0)>0,IFERROR(SEARCH(Consulta!$B$1,F65),0)>0), MAX($G$1:G64)+1, "")) | H65: =A65=C65 -> TRUE
A66: 17 | B66: MACACOLANDIA | C66: 17 | D66: 1,5 | E66: Realengo | F66: 21740-140 | G66: =IF(Consulta!$B$1="", "", IF(OR(IFERROR(SEARCH(Consulta!$B$1,B66),0)>0,IFERROR(SEARCH(Consulta!$B$1,E66),0)>0,IFERROR(SEARCH(Consulta!$B$1,F66),0)>0), MAX($G$1:G62)+1, "")) | H66: =A66=C66 -> TRUE
A67: 17 | B67: MACACOLANDIAf | C67: 17 | D67: 1.8 | E67: Realengo | F67: 21710-370 | G67: =IF(Consulta!$B$1="", "", IF(OR(IFERROR(SEARCH(Consulta!$B$1,B67),0)>0,IFERROR(SEARCH(Consulta!$B$1,E67),0)>0,IFERROR(SEARCH(Consulta!$B$1,F67),0)>0), MAX($G$1:G66)+1, "")) | H67: =A67=C67 -> TRUE
A68: 17 | B68: MOEMA | C68: 17 | D68: 1.4 | E68: Realengo | F68: 21710-370 | G68: =IF(Consulta!$B$1="", "", IF(OR(IFERROR(SEARCH(Consulta!$B$1,B68),0)>0,IFERROR(SEARCH(Consulta!$B$1,E68),0)>0,IFERROR(SEARCH(Consulta!$B$1,F68),0)>0), MAX($G$1:G67)+1, "")) | H68: =A68=C68 -> TRUE
A69: 17 | B69: MORAIS JUNIOR | C69: 17 | D69: 1.2 | E69: Realengo | F69: 21710-100 | G69: =IF(Consulta!$B$1="", "", IF(OR(IFERROR(SEARCH(Consulta!$B$1,B69),0)>0,IFERROR(SEARCH(Consulta!$B$1,E69),0)>0,IFERROR(SEARCH(Consulta!$B$1,F69),0)>0), MAX($G$1:G68)+1, "")) | H69: =A69=C69 -> TRUE
A70: 17 | B70: NORDESTINA | C70: 17 | D70: 1,3 | E70: Realengo | F70: 21740-120 | G70: =IF(Consulta!$B$1="", "", IF(OR(IFERROR(SEARCH(Consulta!$B$1,B70),0)>0,IFERROR(SEARCH(Consulta!$B$1,E70),0)>0,IFERROR(SEARCH(Consulta!$B$1,F70),0)>0), MAX($G$1:G69)+1, "")) | H70: =A70=C70 -> TRUE
A71: 17 | B71: PINTO DA FONSECA | C71: 17 | D71: 2,1 | E71: Realengo | F71: 21750-090 | G71: =IF(Consulta!$B$1="", "", IF(OR(IFERROR(SEARCH(Consulta!$B$1,B71),0)>0,IFERROR(SEARCH(Consulta!$B$1,E71),0)>0,IFERROR(SEARCH(Consulta!$B$1,F71),0)>0), MAX($G$1:G70)+1, "")) | H71: =A71=C71 -> TRUE
A72: 17 | B72: PIRPIRITUBA | C72: 17 | D72: 1,1 | E72: Realengo | F72: 21740-080 | G72: =IF(Consulta!$B$1="", "", IF(OR(IFERROR(SEARCH(Consulta!$B$1,B72),0)>0,IFERROR(SEARCH(Consulta!$B$1,E72),0)>0,IFERROR(SEARCH(Consulta!$B$1,F72),0)>0), MAX($G$1:G71)+1, "")) | H72: =A72=C72 -> TRUE
A73: 17 | B73: RALA COCO | C73: 17 | D73: 2,8 | E73: Realengo | F73: 21750-070 | G73: =IF(Consulta!$B$1="", "", IF(OR(IFERROR(SEARCH(Consulta!$B$1,B73),0)>0,IFERROR(SEARCH(Consulta!$B$1,E73),0)>0,IFERROR(SEARCH(Consulta!$B$1,F73),0)>0), MAX($G$1:G72)+1, "")) | H73: =A73=C73 -> TRUE
A74: 17 | B74: SÃO DIMAS | C74: 17 | D74: 1.9 | E74: Magalhães Bastos | F74: 21740-530 | H74: TRUE
A75: 17 | B75: SÃO LINO | C75: 17 | D75: 1.9 | E75: Magalhães Bastos | F75: 21740-530 | H75: TRUE
A76: 17 | B76: SÃO OTO | C76: 17 | D76: 1.9 | E76: Magalhães Bastos | F76: 21740-530 | H76: TRUE
A77: 17 | B77: SÃO PEDRO ATÉ O CAMPO | C77: 17 | D77: 1,8 | E77: Realengo | F77: 21740-050 | G77: =IF(Consulta!$B$1="", "", IF(OR(IFERROR(SEARCH(Consulta!$B$1,B77),0)>0,IFERROR(SEARCH(Consulta!$B$1,E77),0)>0,IFERROR(SEARCH(Consulta!$B$1,F77),0)>0), MAX($G$1:G76)+1, "")) | H77: =A77=C77 -> TRUE
A78: 17 | B78: TRAVESSA PIRAQUARA | C78: 17 | D78: 2,1 | E78: Realengo | F78: 21740-095 | G78: =IF(Consulta!$B$1="", "", IF(OR(IFERROR(SEARCH(Consulta!$B$1,B78),0)>0,IFERROR(SEARCH(Consulta!$B$1,E78),0)>0,IFERROR(SEARCH(Consulta!$B$1,F78),0)>0), MAX($G$1:G77)+1, "")) | H78: =A78=C78 -> TRUE
A79: 17 | B79: VILA MALET | C79: 17 | D79: 1,6 | E79: Realengo | F79: 21740-020 | G79: =IF(Consulta!$B$1="", "", IF(OR(IFERROR(SEARCH(Consulta!$B$1,B79),0)>0,IFERROR(SEARCH(Consulta!$B$1,E79),0)>0,IFERROR(SEARCH(Consulta!$B$1,F79),0)>0), MAX($G$1:G78)+1, "")) | H79: =A79=C79 -> TRUE
A80: 17 | B80: VILA MODELO | C80: 17 | D80: 1,5 | E80: Realengo | F80: 21740-110 | H80: TRUE
A81: 20 | B81: AÇU | C81: 20 | D81: 1,1 | E81: Realengo | F81: 21750-250 | G81: =IF(Consulta!$B$1="", "", IF(OR(IFERROR(SEARCH(Consulta!$B$1,B81),0)>0,IFERROR(SEARCH(Consulta!$B$1,E81),0)>0,IFERROR(SEARCH(Consulta!$B$1,F81),0)>0), MAX($G$1:G77)+1, "")) | H81: =A81=C81 -> TRUE
A82: 20 | B82: ALMEIDA DE SOUZA | C82: 20 | D82: 1,2 | E82: Realengo | F82: 21750-240 | G82: =IF(Consulta!$B$1="", "", IF(OR(IFERROR(SEARCH(Consulta!$B$1,B82),0)>0,IFERROR(SEARCH(Consulta!$B$1,E82),0)>0,IFERROR(SEARCH(Consulta!$B$1,F82),0)>0), MAX($G$1:G81)+1, "")) | H82: =A82=C82 -> TRUE
A83: 20 | B83: APUCARANA | C83: 20 | D83: 2.3 | E83: Magalhães Bastos | F83: 21735-040 | G83: =IF(Consulta!$B$1="", "", IF(OR(IFERROR(SEARCH(Consulta!$B$1,B83),0)>0,IFERROR(SEARCH(Consulta!$B$1,E83),0)>0,IFERROR(SEARCH(Consulta!$B$1,F83),0)>0), MAX($G$1:G82)+1, "")) | H83: =A83=C83 -> TRUE
A84: 20 | B84: ARARE | C84: 20 | D84: 1,3 | E84: Realengo | F84: 21750-230 | G84: =IF(Consulta!$B$1="", "", IF(OR(IFERROR(SEARCH(Consulta!$B$1,B84),0)>0,IFERROR(SEARCH(Consulta!$B$1,E84),0)>0,IFERROR(SEARCH(Consulta!$B$1,F84),0)>0), MAX($G$1:G82)+1, "")) | H84: =A84=C84 -> TRUE
A85: 20 | B85: ARITIBA APÓS A FARMACIA | C85: 20 | D85: 2,5 | E85: Limites - Realengo | F85: 21740-265 | G85: =IF(Consulta!$B$1="", "", IF(OR(IFERROR(SEARCH(Consulta!$B$1,B85),0)>0,IFERROR(SEARCH(Consulta!$B$1,E85),0)>0,IFERROR(SEARCH(Consulta!$B$1,F85),0)>0), MAX($G$1:G84)+1, "")) | H85: =A85=C85 -> TRUE
A86: 20 | B86: ARQUIMEDES | C86: 20 | D86: 3.4 | E86: Vila Militar - Magalhães | F86: 21745-120 | H86: =A86=C86 -> TRUE
A87: 20 | B87: BELARMINA | C87: 20 | D87: 3.3 | E87: Vila Militar - Magalhães | F87: 21745-110 | H87: =A87=C87 -> TRUE
A88: 20 | B88: BERNARDO POS GELATO | C88: 20 | D88: 2,2 | E88: Realengo | F88: 21740-255 | G88: =IF(Consulta!$B$1="", "", IF(OR(IFERROR(SEARCH(Consulta!$B$1,B88),0)>0,IFERROR(SEARCH(Consulta!$B$1,E88),0)>0,IFERROR(SEARCH(Consulta!$B$1,F88),0)>0), MAX($G$1:G87)+1, "")) | H88: =A88=C88 -> TRUE
A89: 20 | B89: BIGUAÇU | C89: 20 | D89: 2,0 | E89: Realengo | F89: 21765-440 | G89: =IF(Consulta!$B$1="", "", IF(OR(IFERROR(SEARCH(Consulta!$B$1,B89),0)>0,IFERROR(SEARCH(Consulta!$B$1,E89),0)>0,IFERROR(SEARCH(Consulta!$B$1,F89),0)>0), MAX($G$1:G88)+1, "")) | H89: =A89=C89 -> TRUE
A90: 20 | B90: BIRIGUI | C90: 20 | D90: 4.2 | E90: Limites - Realengo | F90: 21765430 | G90: =IF(Consulta!$B$1="", "", IF(OR(IFERROR(SEARCH(Consulta!$B$1,B90),0)>0,IFERROR(SEARCH(Consulta!$B$1,E90),0)>0,IFERROR(SEARCH(Consulta!$B$1,F90),0)>0), MAX($G$1:G89)+1, "")) | H90: =A90=C90 -> TRUE
A91: 20 | B91: BOMBEIRINHO | C91: 20 | D91: 1,4 | E91: Realengo | F91: 21715-110 | G91: =IF(Consulta!$B$1="", "", IF(OR(IFERROR(SEARCH(Consulta!$B$1,B91),0)>0,IFERROR(SEARCH(Consulta!$B$1,E91),0)>0,IFERROR(SEARCH(Consulta!$B$1,F91),0)>0), MAX($G$1:G90)+1, "")) | H91: =A91=C91 -> TRUE
A92: 20 | B92: CARIRANHANHA | C92: 20 | D92: 2,3 | E92: Realengo | F92: 21750-220 | G92: =IF(Consulta!$B$1="", "", IF(OR(IFERROR(SEARCH(Consulta!$B$1,B92),0)>0,IFERROR(SEARCH(Consulta!$B$1,E92),0)>0,IFERROR(SEARCH(Consulta!$B$1,F92),0)>0), MAX($G$1:G91)+1, "")) | H92: =A92=C92 -> TRUE
A93: 20 | B93: CERIBA | C93: 20 | D93: 2,1 | E93: Limites - Realengo | F93: 21750-210 | G93: =IF(Consulta!$B$1="", "", IF(OR(IFERROR(SEARCH(Consulta!$B$1,B93),0)>0,IFERROR(SEARCH(Consulta!$B$1,E93),0)>0,IFERROR(SEARCH(Consulta!$B$1,F93),0)>0), MAX($G$1:G92)+1, "")) | H93: =A93=C93 -> TRUE
A94: 20 | B94: CLEMENTE FERREIRA | C94: 20 | D94: 1,8 | E94: Bangu | F94: 21810-010 | G94: =IF(Consulta!$B$1="", "", IF(OR(IFERROR(SEARCH(Consulta!$B$1,B94),0)>0,IFERROR(SEARCH(Consulta!$B$1,E94),0)>0,IFERROR(SEARCH(Consulta!$B$1,F94),0)>0), MAX($G$1:G93)+1, "")) | H94: =A94=C94 -> TRUE
A95: 20 | B95: CONCORDIA | C95: 20 | D95: 2.2 | E95: Magalhães Bastos | F95: 21750-330 | G95: =IF(Consulta!$B$1="", "", IF(OR(IFERROR(SEARCH(Consulta!$B$1,B95),0)>0,IFERROR(SEARCH(Consulta!$B$1,E95),0)>0,IFERROR(SEARCH(Consulta!$B$1,F95),0)>0), MAX($G$1:G94)+1, "")) | H95: =A95=C95 -> TRUE
A96: 20 | B96: CORONEL VALENCIA | C96: 20 | D96: 2.5 | E96: Magalhães Bastos | F96: 21710-530 | G96: =IF(Consulta!$B$1="", "", IF(OR(IFERROR(SEARCH(Consulta!$B$1,B96),0)>0,IFERROR(SEARCH(Consulta!$B$1,E96),0)>0,IFERROR(SEARCH(Consulta!$B$1,F96),0)>0), MAX($G$1:G95)+1, "")) | H96: =A96=C96 -> TRUE
A97: 20 | B97: CORREA SEARA | C97: 20 | D97: 2,4 | E97: Realengo | F97: 21750-200 | G97: =IF(Consulta!$B$1="", "", IF(OR(IFERROR(SEARCH(Consulta!$B$1,B97),0)>0,IFERROR(SEARCH(Consulta!$B$1,E97),0)>0,IFERROR(SEARCH(Consulta!$B$1,F97),0)>0), MAX($G$1:G96)+1, "")) | H97: =A97=C97 -> TRUE
A98: 20 | B98: ESTRADA DE REALENGO | C98: 20 | D98: 3,1 | E98: Limites - Realengo | F98: 21755-000 | G98: =IF(Consulta!$B$1="", "", IF(OR(IFERROR(SEARCH(Consulta!$B$1,B98),0)>0,IFERROR(SEARCH(Consulta!$B$1,E98),0)>0,IFERROR(SEARCH(Consulta!$B$1,F98),0)>0), MAX($G$1:G97)+1, "")) | H98: =A98=C98 -> TRUE
A99: 20 | B99: FREDERICO FAULHABER APÓS CAMPO SÃO LUIS | C99: 20 | D99: 2.7 | E99: Jardim Novo | F99: 21760-001 | G99: =IF(Consulta!$B$1="", "", IF(OR(IFERROR(SEARCH(Consulta!$B$1,B99),0)>0,IFERROR(SEARCH(Consulta!$B$1,E99),0)>0,IFERROR(SEARCH(Consulta!$B$1,F99),0)>0), MAX($G$1:G98)+1, "")) | H99: =A99=C99 -> TRUE
A100: 20 | B100: FUMACE | C100: 20 | D100: 3,5 | E100: Realengo | F100: 21750-190 | G100: =IF(Consulta!$B$1="", "", IF(OR(IFERROR(SEARCH(Consulta!$B$1,B100),0)>0,IFERROR(SEARCH(Consulta!$B$1,E100),0)>0,IFERROR(SEARCH(Consulta!$B$1,F100),0)>0), MAX($G$1:G99)+1, "")) | H100: =A100=C100 -> TRUE
...

Sheet Consulta
A1: Digite sua busca: | C1: =IF(B1="", "", IF(MAX(Base!$G:$G)=0, "Dados não encontrados !!!", "Resultado(s) abaixo :"))
A2: Digite qualquer parte do nome da rua, do bairro ou do CEP, no campo acima amarelo.
A3: Grupo | B3: Rua | C3: Valor | D3: KM | E3: Bairro | F3: CEP
A4: =IFERROR(INDEX(Base!A:A,MATCH(ROW(A1),Base!$G:$G,0)),"") | B4: =IFERROR(INDEX(Base!B:B,MATCH(ROW(B1),Base!$G:$G,0)),"") | C4: =IFERROR(INDEX(Base!C:C,MATCH(ROW(C1),Base!$G:$G,0)),"") | D4: =IFERROR(INDEX(Base!D:D,MATCH(ROW(D1),Base!$G:$G,0)),"") | E4: =IFERROR(INDEX(Base!E:E,MATCH(ROW(E1),Base!$G:$G,0)),"") | F4: =IFERROR(INDEX(Base!F:F,MATCH(ROW(F1),Base!$G:$G,0)),"")
A5: =IFERROR(INDEX(Base!A:A,MATCH(ROW(A2),Base!$G:$G,0)),"") | B5: =IFERROR(INDEX(Base!B:B,MATCH(ROW(B2),Base!$G:$G,0)),"") | C5: =IFERROR(INDEX(Base!C:C,MATCH(ROW(C2),Base!$G:$G,0)),"") | D5: =IFERROR(INDEX(Base!D:D,MATCH(ROW(D2),Base!$G:$G,0)),"") | E5: =IFERROR(INDEX(Base!E:E,MATCH(ROW(E2),Base!$G:$G,0)),"") | F5: =IFERROR(INDEX(Base!F:F,MATCH(ROW(F2),Base!$G:$G,0)),"")
A6: =IFERROR(INDEX(Base!A:A,MATCH(ROW(A3),Base!$G:$G,0)),"") | B6: =IFERROR(INDEX(Base!B:B,MATCH(ROW(B3),Base!$G:$G,0)),"") | C6: =IFERROR(INDEX(Base!C:C,MATCH(ROW(C3),Base!$G:$G,0)),"") | D6: =IFERROR(INDEX(Base!D:D,MATCH(ROW(D3),Base!$G:$G,0)),"") | E6: =IFERROR(INDEX(Base!E:E,MATCH(ROW(E3),Base!$G:$G,0)),"") | F6: =IFERROR(INDEX(Base!F:F,MATCH(ROW(F3),Base!$G:$G,0)),"")
A7: =IFERROR(INDEX(Base!A:A,MATCH(ROW(A4),Base!$G:$G,0)),"") | B7: =IFERROR(INDEX(Base!B:B,MATCH(ROW(B4),Base!$G:$G,0)),"") | C7: =IFERROR(INDEX(Base!C:C,MATCH(ROW(C4),Base!$G:$G,0)),"") | D7: =IFERROR(INDEX(Base!D:D,MATCH(ROW(D4),Base!$G:$G,0)),"") | E7: =IFERROR(INDEX(Base!E:E,MATCH(ROW(E4),Base!$G:$G,0)),"") | F7: =IFERROR(INDEX(Base!F:F,MATCH(ROW(F4),Base!$G:$G,0)),"")
A8: =IFERROR(INDEX(Base!A:A,MATCH(ROW(A5),Base!$G:$G,0)),"") | B8: =IFERROR(INDEX(Base!B:B,MATCH(ROW(B5),Base!$G:$G,0)),"") | C8: =IFERROR(INDEX(Base!C:C,MATCH(ROW(C5),Base!$G:$G,0)),"") | D8: =IFERROR(INDEX(Base!D:D,MATCH(ROW(D5),Base!$G:$G,0)),"") | E8: =IFERROR(INDEX(Base!E:E,MATCH(ROW(E5),Base!$G:$G,0)),"") | F8: =IFERROR(INDEX(Base!F:F,MATCH(ROW(F5),Base!$G:$G,0)),"")
A9: =IFERROR(INDEX(Base!A:A,MATCH(ROW(A6),Base!$G:$G,0)),"") | B9: =IFERROR(INDEX(Base!B:B,MATCH(ROW(B6),Base!$G:$G,0)),"") | C9: =IFERROR(INDEX(Base!C:C,MATCH(ROW(C6),Base!$G:$G,0)),"") | D9: =IFERROR(INDEX(Base!D:D,MATCH(ROW(D6),Base!$G:$G,0)),"") | E9: =IFERROR(INDEX(Base!E:E,MATCH(ROW(E6),Base!$G:$G,0)),"") | F9: =IFERROR(INDEX(Base!F:F,MATCH(ROW(F6),Base!$G:$G,0)),"")
A10: =IFERROR(INDEX(Base!A:A,MATCH(ROW(A7),Base!$G:$G,0)),"") | B10: =IFERROR(INDEX(Base!B:B,MATCH(ROW(B7),Base!$G:$G,0)),"") | C10: =IFERROR(INDEX(Base!C:C,MATCH(ROW(C7),Base!$G:$G,0)),"") | D10: =IFERROR(INDEX(Base!D:D,MATCH(ROW(D7),Base!$G:$G,0)),"") | E10: =IFERROR(INDEX(Base!E:E,MATCH(ROW(E7),Base!$G:$G,0)),"") | F10: =IFERROR(INDEX(Base!F:F,MATCH(ROW(F7),Base!$G:$G,0)),"")
A11: =IFERROR(INDEX(Base!A:A,MATCH(ROW(A8),Base!$G:$G,0)),"") | B11: =IFERROR(INDEX(Base!B:B,MATCH(ROW(B8),Base!$G:$G,0)),"") | C11: =IFERROR(INDEX(Base!C:C,MATCH(ROW(C8),Base!$G:$G,0)),"") | D11: =IFERROR(INDEX(Base!D:D,MATCH(ROW(D8),Base!$G:$G,0)),"") | E11: =IFERROR(INDEX(Base!E:E,MATCH(ROW(E8),Base!$G:$G,0)),"") | F11: =IFERROR(INDEX(Base!F:F,MATCH(ROW(F8),Base!$G:$G,0)),"")
A12: =IFERROR(INDEX(Base!A:A,MATCH(ROW(A9),Base!$G:$G,0)),"") | B12: =IFERROR(INDEX(Base!B:B,MATCH(ROW(B9),Base!$G:$G,0)),"") | C12: =IFERROR(INDEX(Base!C:C,MATCH(ROW(C9),Base!$G:$G,0)),"") | D12: =IFERROR(INDEX(Base!D:D,MATCH(ROW(D9),Base!$G:$G,0)),"") | E12: =IFERROR(INDEX(Base!E:E,MATCH(ROW(E9),Base!$G:$G,0)),"") | F12: =IFERROR(INDEX(Base!F:F,MATCH(ROW(F9),Base!$G:$G,0)),"")
A13: =IFERROR(INDEX(Base!A:A,MATCH(ROW(A10),Base!$G:$G,0)),"") | B13: =IFERROR(INDEX(Base!B:B,MATCH(ROW(B10),Base!$G:$G,0)),"") | C13: =IFERROR(INDEX(Base!C:C,MATCH(ROW(C10),Base!$G:$G,0)),"") | D13: =IFERROR(INDEX(Base!D:D,MATCH(ROW(D10),Base!$G:$G,0)),"") | E13: =IFERROR(INDEX(Base!E:E,MATCH(ROW(E10),Base!$G:$G,0)),"") | F13: =IFERROR(INDEX(Base!F:F,MATCH(ROW(F10),Base!$G:$G,0)),"")
A14: =IFERROR(INDEX(Base!A:A,MATCH(ROW(A11),Base!$G:$G,0)),"") | B14: =IFERROR(INDEX(Base!B:B,MATCH(ROW(B11),Base!$G:$G,0)),"") | C14: =IFERROR(INDEX(Base!C:C,MATCH(ROW(C11),Base!$G:$G,0)),"") | D14: =IFERROR(INDEX(Base!D:D,MATCH(ROW(D11),Base!$G:$G,0)),"") | E14: =IFERROR(INDEX(Base!E:E,MATCH(ROW(E11),Base!$G:$G,0)),"") | F14: =IFERROR(INDEX(Base!F:F,MATCH(ROW(F11),Base!$G:$G,0)),"")
A15: =IFERROR(INDEX(Base!A:A,MATCH(ROW(A12),Base!$G:$G,0)),"") | B15: =IFERROR(INDEX(Base!B:B,MATCH(ROW(B12),Base!$G:$G,0)),"") | C15: =IFERROR(INDEX(Base!C:C,MATCH(ROW(C12),Base!$G:$G,0)),"") | D15: =IFERROR(INDEX(Base!D:D,MATCH(ROW(D12),Base!$G:$G,0)),"") | E15: =IFERROR(INDEX(Base!E:E,MATCH(ROW(E12),Base!$G:$G,0)),"") | F15: =IFERROR(INDEX(Base!F:F,MATCH(ROW(F12),Base!$G:$G,0)),"")
... A154: =IFERROR(INDEX(Base!A:A,MATCH(ROW(A151),Base!$G:$G,0)),"") | B154: =IFERROR(INDEX(Base!B:B,MATCH(ROW(B151),Base!$G:$G,0)),"") | C154: =IFERROR(INDEX(Base!C:C,MATCH(ROW(C151),Base!$G:$G,0)),"") | D154: =IFERROR(INDEX(Base!D:D,MATCH(ROW(D151),Base!$G:$G,0)),"") | E154: =IFERROR(INDEX(Base!E:E,MATCH(ROW(E151),Base!$G:$G,0)),"") | F154: =IFERROR(INDEX(Base!F:F,MATCH(ROW(F151),Base!$G:$G,0)),"")
